"Tweet Id","Tweet URL","Tweet Posted Time","Tweet Content","Tweet Type",Client,"Retweets Received","Likes Received","Tweet Location","Tweet Language","User  Id",Name,Username,"User Bio","Verified or Non-Verified","Profile URL","User Followers","User Following","User Account Creation Date"
"""1493576292100460547""",https://twitter.com/Prosciutolo/status/1493576292100460547,"15-Feb-2022 13:21:51","""RT @soforhero: NFT A GAGNER  ! ğŸ¥³

TENTE DE GAGNER CE NFT D'UNE VALEUR DE (0.8ETH) ğŸ‘

CONDITIONS :

- FOLLOW @JathomNFT
- RT ET LIKE!

T.A.Sâ€¦""",ReTweet,"""gobubu""",233,0,"Paris, France",French,"""1461111166458081282""",Prosciutto,Prosciutolo,"""""",Non-Verified,https://twitter.com/Prosciutolo,105,2203,"17-Nov-2021 23:17:14"
"""1493576291911880704""",https://twitter.com/arctxt/status/1493576291911880704,"15-Feb-2022 13:21:51","""RT @SquidWarNft: ğŸ›‘We are close to sold out! ğŸ›‘

- Only 309 squid remaining ğŸ¦‘
- Instantly verified on magic eden ğŸ‘€
- Our game is already alivâ€¦""",ReTweet,"""Twitter for Android""",69,0,yeonjun,English,"""1286983900170817536""",Urlynbn,arctxt,"""9 & 3/4
$UPI""",Non-Verified,https://twitter.com/arctxt,159,1145,"25-Jul-2020 11:17:53"
"""1493576291794436096""",https://twitter.com/alannoobcake/status/1493576291794436096,"15-Feb-2022 13:21:51","""RT @CybergalzNFT: ğŸªCyber Galz NFT X Starslab WL collab giveawayğŸª

ğŸ WL x 3 from The Starslab

âœ…Follow @CybergalzNFT &amp; @Thestarslab
âœ… RT /â¤ï¸â€¦""",ReTweet,"""Twitter for iPhone""",115,0,,English,"""1390681061688938497""","Alan Chua",alannoobcake,"""NFT Enthusiast""",Non-Verified,https://twitter.com/alannoobcake,58,835,"07-May-2021 14:53:08"
"""1493576291727126528""",https://twitter.com/AdomiakJeff/status/1493576291727126528,"15-Feb-2022 13:21:51","""@DogediToken #dogedi #dogediorder #blockchain #BSC #bnb #DeFi #BSCGem #100xgem #NFT #NFTGame @cz_binance @Crypto__Diva @girlgone_crypto @TheCryptoLark @Bitboy_Crypto""",Reply,"""Twitter for iPhone""",0,0,,Undefined,"""1457366791253069830""",mess_with_bull,AdomiakJeff,"""crypto/blockchain enthusiast""",Non-Verified,https://twitter.com/AdomiakJeff,65,355,"07-Nov-2021 15:18:31"
"""1493576291635064832""",https://twitter.com/Clicker77029488/status/1493576291635064832,"15-Feb-2022 13:21:51","""RT @LazyBonezNFT: Free #NFT Giveaway from our collection

Drop your $ETH address, follow &amp; RT

PRE SALE LIVE ON OPENSEA LINK IN BIO DONT MIâ€¦""",ReTweet,"""Twitter Web App""",253,0,,English,"""1492077555218010117""",Clicker,Clicker77029488,"""""",Non-Verified,https://twitter.com/Clicker77029488,1,98,"11-Feb-2022 10:06:42"
"""1493576291617947652""",https://twitter.com/macroreach/status/1493576291617947652,"15-Feb-2022 13:21:51","""RT @Chewtoro: ğŸ‰Whitelist GiveawayğŸ‰

1 WL spot, courtesy of the team!
 
1ï¸âƒ£Follow @Chewtoro ,@ehawkjj &amp; @Thestarslab 
2ï¸âƒ£RT &amp; â¤ï¸
3ï¸âƒ£Tag 3 frâ€¦""",ReTweet,"""Twitter for iPhone""",193,0,unknown,English,"""1372082443390312450""","Makuro Richi",macroreach,"""the art of throwing money away. in hopes of getting it back. eventually.""",Non-Verified,https://twitter.com/macroreach,1033,1748,"17-Mar-2021 07:08:52"
"""1493576291613908994""",https://twitter.com/regoecy1a/status/1493576291613908994,"15-Feb-2022 13:21:51","""RT @AnimeMetaverse_: ğŸŒ¸Anime Metaverse X SoulzğŸŒ¸

ğŸ3x Soulz WL Spot

How to enter:
1ï¸âƒ£â¤ï¸+ RT + Tag 3 friends
2ï¸âƒ£Follow @AnimeMetaverse_ and @â€¦""",ReTweet,"""Twitter Web App""",9599,0,Luanda,English,"""1489116422366056453""","Alicia Anderson",regoecy1a,"""Im nothing special. But love to do special things. One of them is Architecture and Design of new Ideas and above all Help others""",Non-Verified,https://twitter.com/regoecy1a,0,9,"03-Feb-2022 06:00:12"
"""1493576291328532482""",https://twitter.com/alynxzlucky/status/1493576291328532482,"15-Feb-2022 13:21:51","""RT @BritishDeFi: Introducing the worldâ€™s most expensive #NFT by production value - the #CastelloCube by @CastelloCoin. 

Releasing 22.2.22â€¦""",ReTweet,"""Twitter for Android""",1735,0,,English,"""1472580260579639300""",zowi,alynxzlucky,"""â€” i don't chase, i attract. what belongs to me will simply find me ğŸ’«""",Non-Verified,https://twitter.com/alynxzlucky,68,2584,"19-Dec-2021 14:51:20"
"""1493576291265748996""",https://twitter.com/maksim_saratov/status/1493576291265748996,"15-Feb-2022 13:21:51","""RT @TokyoApes: Will show you guys another 1/1 sneak peak when we hit 15,000 ğŸ”¥ğŸ”¥ğŸ”¥
#TokyoApes #opensea #looksrare #NFT #NFTCommunity""",ReTweet,"""Twitter Web App""",121,0,,English,"""1493457178421776385""","ĞœĞ°ĞºÑĞ¸Ğ¼ Ğ¡Ğ°Ñ€Ğ°Ñ‚Ğ¾Ğ²",maksim_saratov,"""""",Non-Verified,https://twitter.com/maksim_saratov,2,9,"15-Feb-2022 05:29:04"
"""1493576291169161218""",https://twitter.com/clilynophile/status/1493576291169161218,"15-Feb-2022 13:21:51","""RT @NFTshiller09: ğŸ”¥ Metarobotica #Giveaway ğŸ”¥ 
 
For the Valentines Day, they are holding huge $10,000 GIVEAWAY and 50 WL spots 
 
1. Followâ€¦""",ReTweet,"""Twitter for Android""",214,0,hatitaetaeâ™¡,English,"""1481397593947402240""","tary á´—Ìˆ",clilynophile,"""@TheJenus #Jenus #cutetesty #jihantesti #IwonHanabi #SobatGarangan $UPI | free tag ygy ğŸ‰ #taryproofs""",Non-Verified,https://twitter.com/clilynophile,118,2374,"12-Jan-2022 22:51:20"
"""1493576291005591554""",https://twitter.com/08Amadeus28/status/1493576291005591554,"15-Feb-2022 13:21:51","""@nftraidertrader @SoulZ_NFT @cerealclubnft @puuurlll @shinjuki_ @ariasmenace""",Reply,"""Twitter for Android""",0,0,,Undefined,"""1284170168914939904""","N o w i e",08Amadeus28,"""XXIVXMMXX
PHMI""",Non-Verified,https://twitter.com/08Amadeus28,15,207,"17-Jul-2020 16:56:46"
"""1493576290615508996""",https://twitter.com/riegopickkmee/status/1493576290615508996,"15-Feb-2022 13:21:51","""RT @R0nBarr0nCrypto: Thank you for my friends at @Imaginary_Ones x @SoulZ_NFT for Giving me 10 WL Spots

I'm dropping: 
- 5 whitelist spotsâ€¦""",ReTweet,"""Twitter for Android""",10406,0,"my big win is coming.....",English,"""1360981428800942081""","pick meğŸ€âœ¨",riegopickkmee,"""send basbasğŸ’¸ 2022 wins cutie #Ap8testi""",Non-Verified,https://twitter.com/riegopickkmee,156,3300,"14-Feb-2021 15:57:21"
"""1493576290426933252""",https://twitter.com/Rifat52220173/status/1493576290426933252,"15-Feb-2022 13:21:51","""RT @DugoutDawgzNFT: ATTENTION!! WHO WANTS A CHANCE TO WIN A RARE GOOBERZ NFT?? 

All you have to do is... 

-LIKE
-RETWEET
-FOLLOW @DugoutDâ€¦""",ReTweet,"""Twitter Web App""",56,0,,English,"""1416324025119350786""",Rifat,Rifat52220173,"""puk puk sheesh""",Non-Verified,https://twitter.com/Rifat52220173,72,159,"17-Jul-2021 09:09:22"
"""1493576290376380420""",https://twitter.com/wakopake86/status/1493576290376380420,"15-Feb-2022 13:21:51","""RT @CG_Mohdri: Hey fam, get voting! This is one of the best projects with the matching team!  #KingdomWarriors #P2E #NFT @KingdomWarNFT 
htâ€¦""",ReTweet,"""Twitter for iPhone""",3,0,,English,"""1448204133870096385""",wakopake.nft,wakopake86,"""NFT Enthusiast. Mod for PxQuest, Kingdom Warriors, Psychonaut Ape and Fyat Lux. Oasis Hype!

Join Kingdom Warriors now: https://t.co/u3aQPmsxEi""",Non-Verified,https://twitter.com/wakopake86,148,255,"13-Oct-2021 08:29:32"
"""1493576290305069058""",https://twitter.com/yhk_image/status/1493576290305069058,"15-Feb-2022 13:21:51","""RT @Abandons75: Drop your ETH address. Randomly NFT drop ğŸ“Œ    

 âœ… Just Retweet + Follow""",ReTweet,"""Twitter Web App""",176,0,KOREAAAAAA,English,"""1487274032966029315""",Juanito,yhk_image,"""Beginner LvL Artist and Just started NFT collecting discord id:  MIRL.skorea119.BOOMGALA#7498 id :yhk_imagecreator""",Non-Verified,https://twitter.com/yhk_image,58,837,"29-Jan-2022 03:59:04"
"""1493576289587908610""",https://twitter.com/hungjai369/status/1493576289587908610,"15-Feb-2022 13:21:51","""@AbsoluteSaltETH @AsahiNinja @Ascendants_nft @jayozard_NFT @honnnnng0111 @k1rito_nft""",Reply,"""Twitter Web App""",0,0,,Undefined,"""801818533210394624""",HungJai,hungjai369,"""ãšã¨ã¾ã‚/NFT Collector""",Non-Verified,https://twitter.com/hungjai369,246,967,"24-Nov-2016 16:03:30"
"""1493576289273450512""",https://twitter.com/Mimz_Ui/status/1493576289273450512,"15-Feb-2022 13:21:51","""@CryptoCondosNFT @AnimeMetaverse_ @freshhmeatz @nftstar47 @Saku_NFT @nftstar47 @3bkarnft @Pulserpleb @Mohamed85485272 @A1X6_NFT""",Reply,"""Twitter Web App""",0,0,,Undefined,"""1483595796566188034""","Mimz Ui",Mimz_Ui,"""The grind continue
Simple Crypto Investor""",Non-Verified,https://twitter.com/Mimz_Ui,42,715,"19-Jan-2022 00:23:09"
"""1493576289030074374""",https://twitter.com/wildebeest888/status/1493576289030074374,"15-Feb-2022 13:21:51","""RT @fqnks: 0.4 ETH ($1300)

NFT Giveaway ğŸŒˆ 

To enter:
- Follow @fqnks with ğŸ””
- RT this 
- Tag a Friend!

Unlimited entries, 1x per tag ğŸš€â€¦""",ReTweet,"""Twitter Web App""",863,0,,English,"""1474382435966087172""",wildebeest,wildebeest888,"""wildebeest""",Non-Verified,https://twitter.com/wildebeest888,28,135,"24-Dec-2021 14:12:32"
"""1493576288950538240""",https://twitter.com/andy88man/status/1493576288950538240,"15-Feb-2022 13:21:51","""RT @0xHustler: Iâ€™m giving away 30 NFTs to new people in the community. Preferably people that never had an NFT before. Drop your ETH addresâ€¦""",ReTweet,"""Twitter Web App""",479,0,,English,"""1139443738957230080""","Andy White",andy88man,"""$ZIL $ONE $EGLD $AVAX $FTM $SOL $BNB $CRO $HEX $ETH $BTC $DOT $TRX $BNB $OKT $XDC #m101shelter $KASTA #Cosmos #ATOMoooooN $JEWEL #HarmonyONE""",Non-Verified,https://twitter.com/andy88man,1604,1450,"14-Jun-2019 08:05:31"
"""1493576288753565704""",https://twitter.com/SebastianUjang6/status/1493576288753565704,"15-Feb-2022 13:21:51","""RT @NFTnewton: ğŸ¤¯ CRAZIEST GIVEAWAY EVER ğŸ¤¯

We're giving away @wearelux_space Duplex worth 20 SOL ($2000) to one lucky follower ğŸ¤©ğŸ”¥

âœ…To Enteâ€¦""",ReTweet,"""Twitter for Android""",926,0,"Bali, Indonesia",English,"""1484709041180114946""","Sebastian Ujang",SebastianUjang6,"""Pencari Rejeki ğŸ”¥ğŸ”¥ || #Avalanche $AVAX""",Non-Verified,https://twitter.com/SebastianUjang6,91,679,"22-Jan-2022 02:06:44"
"""1493576288736780288""",https://twitter.com/Cussindar/status/1493576288736780288,"15-Feb-2022 13:21:51","""@killerqueen_nft https://t.co/WzFBtT2t0m""",Reply,"""Twitter for iPad""",0,0,,Undefined,"""1493176577408237568""",Cussindar,Cussindar,"""NFT ART""",Non-Verified,https://twitter.com/Cussindar,30,46,"14-Feb-2022 10:53:43"
"""1493576288703062026""",https://twitter.com/IntendSanders/status/1493576288703062026,"15-Feb-2022 13:21:51","""RT @OttoSuwenNFT: ğŸš¨ğŸš¨ğŸš¨NFT GIVEAWAYğŸš¨ğŸš¨ğŸš¨

I am giving away 5 WL spots for @TsukiNFT courtesy of their team! 

How to enter:
- Follow both the @â€¦""",ReTweet,"""Twitter Web App""",9230,0,,English,"""1491703097802043395""","Brittney Sanders intend",IntendSanders,"""é™ã‹ãª""",Non-Verified,https://twitter.com/IntendSanders,0,4,"10-Feb-2022 09:18:42"
"""1493576288606457861""",https://twitter.com/cryptobrass52/status/1493576288606457861,"15-Feb-2022 13:21:51","""RT @NFTshiller09: ğŸ”¥ Metarobotica #Giveaway ğŸ”¥ 
 
For the Valentines Day, they are holding huge $10,000 GIVEAWAY and 50 WL spots 
 
1. Followâ€¦""",ReTweet,"""Twitter for Android""",214,0,,English,"""1485521709235318788""",cryptoBrass,cryptobrass52,"""Trader. Advisor #DYOR #DeFi""",Non-Verified,https://twitter.com/cryptobrass52,2,5,"24-Jan-2022 07:56:00"
"""1493576288493359108""",https://twitter.com/yunusarikk/status/1493576288493359108,"15-Feb-2022 13:21:51","""@JAY_NFTs @moodies_nft Done ğŸ˜ŠğŸ‘

@OlricOnlyfornft @murat_nft @c0rk1ven""",Reply,"""Twitter Web App""",0,0,"Metaverse ",English,"""331523633""",yunus.sol,yunusarikk,"""#BeÅŸiktaÅŸ
NFT Collector""",Non-Verified,https://twitter.com/yunusarikk,289,3130,"08-Jul-2011 09:23:48"
"""1493576288447180816""",https://twitter.com/BrenoNaylo/status/1493576288447180816,"15-Feb-2022 13:21:51","""RT @NftFloppy: Oh Hello @OttoSuwenNFT ! âœ¨âœ¨âœ¨ 
#FloppyNFT #NFT #NFTcommunity #NFTart""",ReTweet,"""Twitter for iPhone""",24,0,,English,"""1478796380076453890""",Naylo,BrenoNaylo,"""NFTâ€™s enthusiast""",Non-Verified,https://twitter.com/BrenoNaylo,109,828,"05-Jan-2022 18:32:01"
"""1493576288329957376""",https://twitter.com/human_lovety/status/1493576288329957376,"15-Feb-2022 13:21:51","""RT @FireHost77: ğŸ’°$300 | 3 days ~ RT this ğŸª…

â€” $150 for follow @chosenonesnft 

â€” $150 for join discord https://t.co/QULQAZ2RDh (Post proof)â€¦""",ReTweet,"""Twitter Web App""",1649,0,,English,"""1307230494635880448""","Ra | Gbs ngetwt lg limitğŸ˜­",human_lovety,"""Hanya manusia biasa. Akun yg dulu ke s word T.T I'm a mulfand~ FREETAG for hunter âœ¨""",Non-Verified,https://twitter.com/human_lovety,316,2218,"19-Sep-2020 08:10:24"
"""1493576288073830403""",https://twitter.com/MUHAMME61489907/status/1493576288073830403,"15-Feb-2022 13:21:51","""RT @CryptoRonnin: Iâ€™m partnering up with @SkellyCowboys to giveaway 5 Whitelist SpotsğŸ“ˆ

To EnterğŸ‘‡

âœ…Follow @SkellyCowboys 
âœ…Like &amp; Retweetâ€¦""",ReTweet,"""Twitter for Android""",2431,0,,English,"""1233513951993966592""","MUHAMMED Ã‡AKMAK",MUHAMME61489907,"""""",Non-Verified,https://twitter.com/MUHAMME61489907,57,3755,"28-Feb-2020 22:07:07"
"""1493576288065490951""",https://twitter.com/LiviuMarius1989/status/1493576288065490951,"15-Feb-2022 13:21:51","""RT @hypertek_: with this $ETH roomp i've lowered the reserve price on this piece to 0.3ETH - own a tiny piece of the digital fashion renaisâ€¦""",ReTweet,"""Twitter for iPhone""",1,0,"BucureÅŸti, RomÃ¢nia",English,"""1493571670724026368""","Liviu-Marius Musat",LiviuMarius1989,"""""",Non-Verified,https://twitter.com/LiviuMarius1989,1,19,"15-Feb-2022 13:03:46"
"""1493576288053133313""",https://twitter.com/ilovkjm/status/1493576288053133313,"15-Feb-2022 13:21:51","""RT @cryptowhalexx: Shill us your #nft ğŸ”½ (50$ to random RT) ğŸ¤­ğŸ’""",ReTweet,"""Twitter for iPhone""",2832,0,"DKI Jakarta, Indonesia",English,"""1096612529042710534""","PICKAW PICKME PLEASEğŸ€",ilovkjm,"""bismillah bigwin/win aminğŸ˜‡ğŸ˜‡ $UPI""",Non-Verified,https://twitter.com/ilovkjm,137,3385,"16-Feb-2019 03:29:35"
"""1493576288010833920""",https://twitter.com/Jay20121999/status/1493576288010833920,"15-Feb-2022 13:21:51","""@Ascendants_nft @Sekira_NFT @YunxuanT @codyyxe1 @JayChon07664154""",Reply,"""Twitter Web App""",0,0,"KL Malaysia",Undefined,"""3146020350""","Jay Chong Jian Su",Jay20121999,"""Discord : CaptainJay#8648
ONCE ğŸ­""",Non-Verified,https://twitter.com/Jay20121999,149,2243,"09-Apr-2015 12:12:05"
"""1493576287855661057""",https://twitter.com/RuliandaniW/status/1493576287855661057,"15-Feb-2022 13:21:50","""RT @NFTJc: This could be the next big thing in NFT spaceâ¤ï¸ğŸ”¥

5x Whitelist Giveaway  #NFT 

ğŸ‘‡Rules:
1ï¸âƒ£ Follow @nftasac 
2ï¸âƒ£ RT &amp; â¤ï¸
3ï¸âƒ£ Tagâ€¦""",ReTweet,"""Twitter for Android""",160,0,,English,"""1431514921506775041""","ğŸ¤²ğŸ’Pejuang Testi hunğŸ’ğŸ¤²",RuliandaniW,"""ğŸ”œBismillah dulu sebelum alhamdulillah ğŸ¤²ğŸ”š
ğŸ”›ğŸŒŸakun real ğŸŒŸğŸ”›
ğŸ’¯ optimis big win ğŸŒ»
ğŸ‡®ğŸ‡©ğŸ‡®ğŸ‡©""",Non-Verified,https://twitter.com/RuliandaniW,78,2022,"28-Aug-2021 07:12:35"
"""1493576287801450496""",https://twitter.com/garlic0212/status/1493576287801450496,"15-Feb-2022 13:21:50","""@knorr_cup_soup_ @toneriko_nft @tetete154 ã¸ã¸ã¸ã£ï¼ï¼ï¼ã‚ˆã‚‚ã¡ã‚‚ãŸãã•ã‚“å¯æ„›ã„å­æãã‹ã‚‰ã­ğŸ˜³ğŸ˜³å¥ªã„åˆãˆã‚‹ãã‚‰ã„ï¼ï¼ï¼ğŸ˜³ğŸ™âœ¨âœ¨âœ¨""",Reply,"""Twitter for iPhone""",0,0,,Japanese,"""835083853408555009""",yomogiğŸŒ±/ãƒ¨ãƒ¢ã‚®@NFT,garlic0212,"""I'm a Japanese creator. yomogiğŸŒ± I draw sugary and sexy girls. ç”˜ãã¦ãˆã£ã¡ãªå¥³ã®å­ãŒå¥½ãã€‚ ç¾åœ¨å›ºå®šãƒ„ã‚¤ã®æ–°ä½œä»¥å¤–ã¯2æ¬¡æµé€šã®ã¿ğŸŒŸ""",Non-Verified,https://twitter.com/garlic0212,1274,571,"24-Feb-2017 11:08:00"
"""1493576287738380288""",https://twitter.com/NemOneLove1/status/1493576287738380288,"15-Feb-2022 13:21:50","""RT @icdinos: Woohoo - 10 dinosaur species locked in!

GO IN DRAW FOR A WHITELIST SPOT!

ğŸ”Re-tweet this post
ğŸ’¬Comment your favourite Dino shâ€¦""",ReTweet,"""Twitter for iPhone""",198,0,,English,"""907214437211361280""",DefiOneLove,NemOneLove1,"""""",Non-Verified,https://twitter.com/NemOneLove1,24,74,"11-Sep-2017 12:09:11"
"""1493576287583096849""",https://twitter.com/ako_ned/status/1493576287583096849,"15-Feb-2022 13:21:50","""RT @Grooz0: 0.25 #ETH | 4 Hours! â° 

Like, Retweet, Follow ğŸ¦

Drop Eth adress ğŸ« #NFT""",ReTweet,"""Twitter for Android""",431,0,,English,"""1302981333489254401""",Ako,ako_ned,"""""",Non-Verified,https://twitter.com/ako_ned,21,238,"07-Sep-2020 14:45:45"
"""1493576287482675205""",https://twitter.com/dachi_tommy/status/1493576287482675205,"15-Feb-2022 13:21:50","""RT @JAY_NFTs: ğŸGIVEAWAYğŸ
 
ğŸ†Prize: 0.5 SOL
ğŸ†Prize: 10 WLs

1âƒ£Follow @JAY_NFTs / @moodies_nft
2âƒ£RT +â¤ï¸
3âƒ£Tag Friends

â±ï¸24 Hrs

Turn ğŸ”” on toâ€¦""",ReTweet,"""Twitter Web App""",131,0,,English,"""1463622924871503873""","Crisostomo arciga",dachi_tommy,"""""",Non-Verified,https://twitter.com/dachi_tommy,83,396,"24-Nov-2021 21:38:48"
"""1493576286903554048""",https://twitter.com/oneecayang/status/1493576286903554048,"15-Feb-2022 13:21:50","""RT @TheJenus: $250 in 24 Hours

âœ…RT &amp; Follow @NFT_cyberpunk""",ReTweet,"""Twitter for Android""",4746,0,,English,"""1129405758532083712""","Win who? ğŸ’—",oneecayang,"""sambil jualan @cayangonee pokoknya ini akun serbaa bisa deh! rants â€“ fa â€“ hunter. My proof: #proofnee â™¡""",Non-Verified,https://twitter.com/oneecayang,385,4572,"17-May-2019 15:18:10"
"""1493576286349844480""",https://twitter.com/Paduka_Me0ng/status/1493576286349844480,"15-Feb-2022 13:21:50","""RT @walking_ape: If youâ€™re seeing this you are early!ğŸ””

Any interaction here will be considered for WL! ğŸš€

#NFT #NFTgiveaway #NFTs #NFTdropâ€¦""",ReTweet,"""Twitter for Android""",12329,0,INA,English,"""1328667322467291136""","ğŸ±Terserah deh berapa aja",Paduka_Me0ng,"""you kepick pakai foto baginda meng! ğŸ±""",Non-Verified,https://twitter.com/Paduka_Me0ng,59,4969,"17-Nov-2020 11:52:43"
"""1493576286156967939""",https://twitter.com/MediaDAOs/status/1493576286156967939,"15-Feb-2022 13:21:50","""RT @hFnPgf43a4RoROa: ãŠã‚ã§ã¨ã†ã”ã–ã„ã¾ã™â€¼ï¸
æ—¥æœ¬ã®ã‚¯ãƒªã‚¨ã‚¤ã‚¿ãƒ¼ã£ã¦å‡„ã„â€¼ï¸
NFTã£ã¦ã™ã”ã„â€¼ï¸""",ReTweet,"""Twitter for iPhone""",1,0,"NFT Community",Japanese,"""1485800172365905924""",MediaDAO,MediaDAOs,"""ã€ãƒˆãƒƒãƒ—ã‚·ã‚§ã‚¢ã®ã‚¯ãƒªãƒ—ãƒˆç³»ãƒ¡ãƒ‡ã‚£ã‚¢ã‚’DAOã§ä½œã‚‹ã€ãŒãƒŸãƒƒã‚·ãƒ§ãƒ³ï½œãã®ä»–ãƒ—ãƒ­ã‚¸ã‚§ã‚¯ãƒˆå¤šæ•°ï½œå›½å†…å¤–ã¨ã®ææºã‚‚ï½œThe DAO project from Japan. In preparation! #mediadaoï½œFounder @kanerinx""",Non-Verified,https://twitter.com/MediaDAOs,13965,1,"25-Jan-2022 02:23:13"
"""1493576285813354498""",https://twitter.com/AradoChoco/status/1493576285813354498,"15-Feb-2022 13:21:50","""RT @NoNos_NFT: 5x WL giveaway for @crayzillas! ğŸ‰ 

Crayzillas are the first NFTs that you colour in! ğŸ–

1ï¸âƒ£ Follow @crayzillas &amp; @NoNos_NFTâ€¦""",ReTweet,"""Twitter Web App""",239,0,,English,"""1473213518291734528""","choco arado",AradoChoco,"""Choco NFT Newbie, DOG lover, The Doge Pound Halloween#1704""",Non-Verified,https://twitter.com/AradoChoco,87,1550,"21-Dec-2021 08:49:39"
"""1493576285351968773""",https://twitter.com/astrid_mjmd/status/1493576285351968773,"15-Feb-2022 13:21:50","""RT @CryptoNftGemApe: Drop your unique #NFT ğŸ‘‡ for collectors
#NFTs âš¡""",ReTweet,"""Twitter for Android""",16,0,,English,"""1486289204388966405""","Jeff Cabuay",astrid_mjmd,"""$1000 CutieğŸ¥°ğŸ¥°ğŸ¥°""",Non-Verified,https://twitter.com/astrid_mjmd,25,2354,"26-Jan-2022 10:45:44"
"""1493576285305524227""",https://twitter.com/teikokubank/status/1493576285305524227,"15-Feb-2022 13:21:50","""RT @crypto_j_girl: #STEPN ãƒ—ãƒ¬ã‚¼ãƒ³ãƒˆä¼ç”»ğŸã€€
ç·é¡ç´„10ä¸‡å††ï¼

ä»Šè©±é¡Œã®é´NFT (ã‚³ãƒ¢ãƒ³ï¼‰ã‚’ï¼‘åæ§˜ã«ãƒ—ãƒ¬ã‚¼ãƒ³ãƒˆï¼

âœ…å‚åŠ æ¡ä»¶
-  ãƒ•ã‚©ãƒ­ãƒ¼ @crypto_j_girl 
-  ã“ã®ãƒ„ã‚¤ãƒ¼ãƒˆã‚’Like &amp; RT

ç· ã‚åˆ‡ã‚Š
2/20 23:59â€¦""",ReTweet,"""Twitter Web App""",217,0,æ± ã®ç•”,Japanese,"""1331807399292805121""",ImperialGoose.juno,teikokubank,"""gabble gabble! è¶£å‘³ã¯ã‚³ãƒ¼ãƒ’ãƒ¼ã¨ãŠèŒ¶ã¨æŠ•è³‡ã¨ff14ã¨CIVã§ã™ã€‚ã‚ã¨è‡ªè»¢è»Šã€‚ $MATIC $JASMY $AVAX $XAVA $ATOM $DOT $GCAKE $GLMR $AURORA $OSMO $HUAHUA $JUNO $STARS $NEAR $ADA $MINA $PTP""",Non-Verified,https://twitter.com/teikokubank,70,280,"26-Nov-2020 03:50:13"
"""1493576285200728069""",https://twitter.com/ivanefti/status/1493576285200728069,"15-Feb-2022 13:21:50","""@_Heliart What about some fine art? Check out ""Alpine Harbor"" by Efti at https://t.co/ZRdk5YVvAB NFT! https://t.co/yPzJbRiyhs via @cryptocom""",Reply,"""Twitter Web App""",0,0,Switzerland/Greece,English,"""39232908""","Ivan Eftimovski",ivanefti,"""b&w n experimental Photography | Parenting | Graphic Design
#NFTs #Creator #FineArt | https://t.co/rF0kzINCBDâ€¦
#CRO #FrogNation #Wonderland ğŸ¸""",Non-Verified,https://twitter.com/ivanefti,413,1889,"11-May-2009 11:22:45"
"""1493576285125283841""",https://twitter.com/WinstonTelos/status/1493576285125283841,"15-Feb-2022 13:21:50","""RT @AreaxNft: Xtorage is an IPFS service that uses @dStor_cloud service. Many NFTs on AreaXNFT are uploaded on this service.
Total files upâ€¦""",ReTweet,"""Twitter Web App""",3,0,,English,"""1462093765737394179""","Just A Squirrel",WinstonTelos,"""Crypto Addict""",Non-Verified,https://twitter.com/WinstonTelos,113,172,"20-Nov-2021 16:22:00"
"""1493576285108453380""",https://twitter.com/ZoomNFTStudio/status/1493576285108453380,"15-Feb-2022 13:21:50","""@Tthlssnftlover Happy Valentine's Day â¤ï¸ 2022 ğŸŒ¹v3  Concept!!! collectible. ğŸ‘‰Offered to Auction for $28. Seize the Opportunity.ğŸ‘ˆâ¤ï¸Value For Your Love.â¤ï¸
https://t.co/fn3McOduzH 
#rarible #ethereum #nonfungible #digitalasset #nft #HappyValentinesDay2022 #HappyValentinesDay  #conceptart @rarible""",Reply,"""Twitter Web App""",0,0,,English,"""1475865372544970758""","Zoom NFT Studio",ZoomNFTStudio,"""â¤ï¸ NFT Digital Artist â¤ï¸
If you have nothing to lose, you have everything. #BTC #ETH #TEZOS #AVAX #BNB ""Crypto Universe""""",Non-Verified,https://twitter.com/ZoomNFTStudio,247,211,"28-Dec-2021 16:25:23"
"""1493576285104209921""",https://twitter.com/richard_BigWin/status/1493576285104209921,"15-Feb-2022 13:21:50","""RT @TheJenus: $250 in 24 Hours

âœ…RT &amp; Follow @NFT_cyberpunk""",ReTweet,"""Twitter for Android""",4746,0,,English,"""1309976146155466753""",BigWin$2000_,richard_BigWin,"""ğŸ€ğŸ€ Bismillahirrahmanirrahim.. February BigWin $2000..aamiinğŸ¤²ğŸ’ªğŸ”¥ğŸ€ğŸ€
Allahumma shalli 'ala Muhammad wa'ala ali Muhammad @TheJenus""",Non-Verified,https://twitter.com/richard_BigWin,1043,4877,"26-Sep-2020 22:00:42"
"""1493576285066510341""",https://twitter.com/PaulJochem/status/1493576285066510341,"15-Feb-2022 13:21:50","""RT @CirrusNFT: How I turned 0.6 eth into 150+ eth while sticking primarily to two projects. 

No lucky mints, no whitelists, no bots, and nâ€¦""",ReTweet,"""Twitter Web App""",1554,0,Deutschland,English,"""1073527735291654144""","Paul Jochem",PaulJochem,"""â€œHave fun with empowerment. It seems to make everyone that gets it really happy.â€ â€” Rick""",Non-Verified,https://twitter.com/PaulJochem,13,360,"14-Dec-2018 10:38:52"
"""1493576284815114241""",https://twitter.com/lawrenceechavez/status/1493576284815114241,"15-Feb-2022 13:21:50","""@AnimeMetaverse_ @SoulZ_NFT @ednft_eth @c3ntNFT @robin_echavez @lianpatrice @anqorallo @nixamleynad @jeremycfc09 @keemaleexis""",Reply,"""Twitter for Android""",0,0,Philippines,Undefined,"""80033955""",Chavoman,lawrenceechavez,"""Anything aesthetic really | Discord: Chavoman#9990""",Non-Verified,https://twitter.com/lawrenceechavez,524,748,"05-Oct-2009 14:10:32"
"""1493576284789940228""",https://twitter.com/UgurOmi/status/1493576284789940228,"15-Feb-2022 13:21:50","""@likemike @MaisonGhost @Imaginary_Ones @xIrisFN @fraggrnft @1kyosuna @dethronee_
@pavnft @scarceonnfts @Risk_NFT @ShobiFn
@SamzNFT11 @Moiz__Arif @qualalalala
@FadeshotNFT @ImNofiX @Louise_wanderer
@OsmanGuzay @kriptopara1881""",Reply,"""Twitter Web App""",0,0,Alanya,Undefined,"""2170899029""","Soyut Yas",UgurOmi,"""""",Non-Verified,https://twitter.com/UgurOmi,27,506,"06-Nov-2013 14:42:06"
"""1493576284646957057""",https://twitter.com/CoolMib/status/1493576284646957057,"15-Feb-2022 13:21:50","""RT @chagasrodrigo: ğŸš¨ Giveaway: Vox Board The BlazinMazon ğŸš¨

ğŸ‘‡ Rules to enter:
1. Follow @chagasrodrigo + @crazy4mana1 + @Miguel_Amargo + @Vâ€¦""",ReTweet,"""Twitter Web App""",35,0,Jakarta,English,"""1277357540""",Coolmib,CoolMib,"""IT & crypto enthusiast""",Non-Verified,https://twitter.com/CoolMib,119,562,"18-Mar-2013 10:16:28"
"""1493576284576043009""",https://twitter.com/Summer300364/status/1493576284576043009,"15-Feb-2022 13:21:50","""@legit_promos @Nft_Promoter3 @fivewinter3 @Yubaobao8821 @panda70601865""",Reply,"""Twitter Web App""",0,0,,Undefined,"""1478440737574629376""",Summer,Summer300364,"""""",Non-Verified,https://twitter.com/Summer300364,58,822,"04-Jan-2022 18:58:48"
"""1493576284487696387""",https://twitter.com/Reptilian_NFT/status/1493576284487696387,"15-Feb-2022 13:21:50","""RT @Troll_Verse: Lets have a little peak of some of the trolls soon!ğŸ‘€

Follow @Troll_Verse for updates!ğŸ”¥

Look at pinned tweetğŸ“Œ 
There is aâ€¦""",ReTweet,"""Twitter Web App""",1,0,,English,"""1465257637977731074""",Reptilian_NFT,Reptilian_NFT,"""Founder of @troll_verse, NFT enthusiast, NFT Collector

https://t.co/ESKId4vDPU

https://t.co/vg4el0gKYY""",Non-Verified,https://twitter.com/Reptilian_NFT,46,228,"29-Nov-2021 09:53:53"
"""1493576284231798784""",https://twitter.com/ThanksGodBigwin/status/1493576284231798784,"15-Feb-2022 13:21:50","""RT @TheJenus: $250 in 24 Hours

âœ…RT &amp; Follow @NFT_cyberpunk""",ReTweet,"""Twitter for Android""",4746,0,,English,"""1427160764217888774""",ğŸBigWinğŸ,ThanksGodBigwin,"""Alkhmdllh to can use #jihantesti ğŸ˜ğŸ˜ğŸ˜
#Ap8testi $UPI""",Non-Verified,https://twitter.com/ThanksGodBigwin,268,4415,"16-Aug-2021 06:50:28"
"""1493576284202491912""",https://twitter.com/Jennife66123052/status/1493576284202491912,"15-Feb-2022 13:21:50","""@YelizMenekse90 Yo, DON'T LOSE THIS OPPORTUNITY ! 

ğŸš¨CYBORG86 are giving away 1 free NFT to their followers @cyborg86nft #NFT
â€”
To have a chance to be the winner of the giveaway :
â€”
1ï¸âƒ£ Follow @cyborg86nft
2ï¸âƒ£ ğŸš€ + Retweet
3ï¸âƒ£ Dm -&gt; â€WHITELISTâ€œ to @cyborg86nft""",Tweet,"""Twitter Web App""",0,0,,English,"""1476544539007635457""","Jennifer Fuentes",Jennife66123052,"""Crypto investor. 
@Cyborg86nft ownerğŸš€""",Non-Verified,https://twitter.com/Jennife66123052,6,0,"30-Dec-2021 13:24:04"
"""1493576284164792324""",https://twitter.com/JoyNdukwe13/status/1493576284164792324,"15-Feb-2022 13:21:50","""RT @feyi_x: ğŸª„ ğŸ¹ WHITELIST GIVEAWAY ğŸ¹ğŸª„

 I am giving away 5  @TalesofElleria WL spot courtesy of the team! 

How to enter: â¬‡ï¸

- Follow bothâ€¦""",ReTweet,"""Twitter for Android""",576,0,"Lagos, Nigeria",English,"""1195916345365454850""","Joy of BopTrybe",JoyNdukwe13,"""Photographer,
Designs with Figma, Music Diarist 
check Out:https://t.co/BtKmpT6c24 
ğŸ“§:Bookjoyndukwe@gmail.com""",Non-Verified,https://twitter.com/JoyNdukwe13,1603,1910,"17-Nov-2019 04:08:06"
"""1493576284064350209""",https://twitter.com/ThePluto77/status/1493576284064350209,"15-Feb-2022 13:21:50","""RT @nftraidertrader: Thank you @SoulZ_NFT x @cerealclubnft for Giving me 10 WL Spots

We are dropping: 
- 5 whitelist spots for Cerealclubâ€¦""",ReTweet,"""Twitter Web App""",356,0,,English,"""1488332351507554309""","The Pluto",ThePluto77,"""To The Pluto !!!""",Non-Verified,https://twitter.com/ThePluto77,9,281,"01-Feb-2022 02:04:34"
"""1493576283867185152""",https://twitter.com/bigwintatan/status/1493576283867185152,"15-Feb-2022 13:21:50","""RT @PhoenixPromos: ğŸ”¥$200 Giveaway ğŸ’¸

â˜‘ï¸Join  https://t.co/Q9OvN1c1NS

ends in 24 hours â³ good luckâ˜„ï¸
----------------------------
ğŸ’«Join theâ€¦""",ReTweet,"""Twitter for Android""",3046,0,"Jember, Jawa Timur",English,"""1433675132761886720""","Bismillah BIGWIN Freetag",bigwintatan,"""â™¡Freetag sepuasnyaâ™¡
Bismillah Bigwin
#6ï¸âƒ£5ï¸âƒ£ğŸ¹ #Ap8testi $UPI
ğŸ’•Telegram : Tatan Bigwin (tatanwinn)
â˜€Discord : bigwintatan2 #7752 .ğŸš€Instagram: @bigwintatan""",Non-Verified,https://twitter.com/bigwintatan,184,4975,"03-Sep-2021 06:16:09"
"""1493576283799834624""",https://twitter.com/j10_anony/status/1493576283799834624,"15-Feb-2022 13:21:50","""RT @voxomy: 1 FREE Super Dynamite Ghost #NFT #Giveaway

ğŸ’¥For followers onlyğŸ§¨ğŸ§¨ğŸ§¨

Drop your eth address ğŸ‘‡
FOLLOW @voxomy
Give a Rate to my NFâ€¦""",ReTweet,"""Twitter for Android""",32,0,,English,"""1489163505433460740""",AnonyJ_,j10_anony,"""Crypto and NFT rookie.
Looking to make a couple bucks.ğŸ™ƒ""",Non-Verified,https://twitter.com/j10_anony,6,56,"03-Feb-2022 09:07:10"
"""1493576283728474114""",https://twitter.com/Jay20121999/status/1493576283728474114,"15-Feb-2022 13:21:50","""RT @Ascendants_nft: Giving away 1 whitelist spot for @Sekira_NFT 
1ï¸âƒ£ Follow @Ascendants_nft  + @Sekira_NFT 
2ï¸âƒ£ â™¥ï¸ + RT
3ï¸âƒ£ Tag 3 friendsâ€¦""",ReTweet,"""Twitter Web App""",3087,0,"KL Malaysia",English,"""3146020350""","Jay Chong Jian Su",Jay20121999,"""Discord : CaptainJay#8648
ONCE ğŸ­""",Non-Verified,https://twitter.com/Jay20121999,149,2243,"09-Apr-2015 12:12:05"
"""1493576283674284033""",https://twitter.com/dihyawin/status/1493576283674284033,"15-Feb-2022 13:21:49","""RT @DaFoxile: $400 [ 1 winner ] 5 days

â€¢$200
ğŸ’¥RT - Like - Follow: @Chosenonesnft 

.$200
ğŸ’¥Join Discord: https://t.co/6nsm6e3rPq

#chosenonâ€¦""",ReTweet,"""Twitter for Android""",5175,0,"Kalimantan Timur, Indonesia",English,"""466588801""","Indah Riyani",dihyawin,"""Bismillah.. bisa bigwin ğŸ¥° @TheJenus""",Non-Verified,https://twitter.com/dihyawin,22746,6137,"17-Jan-2012 15:36:53"
"""1493576283518734336""",https://twitter.com/Anjer0/status/1493576283518734336,"15-Feb-2022 13:21:49","""@TheDiamondNFT @Childhood_NFT @a_twixie @Investo1996 @juanreklamador_
@CustomNipple @EthanHawkinz
@BubblyWalrus @adrian21_cg @splshbck""",Reply,"""Twitter for Android""",0,0,,Undefined,"""942062129246384128""",Gelo,Anjer0,"""Be grateful for today and never take anything for granted. Life is a blessing! ğŸ˜‡ğŸ™""",Non-Verified,https://twitter.com/Anjer0,43,802,"16-Dec-2017 16:01:29"
"""1493576283510513665""",https://twitter.com/shalamarena1/status/1493576283510513665,"15-Feb-2022 13:21:49","""RT @kalao_tr: Bu koleksiyondan ekstra 3 NFT hediye ediyoruz ğŸ˜
4 kazanan olacak.

âœ…1 AVAX ve 3xNFT""",ReTweet,"""Twitter for iPhone""",6,0,,Turkish,"""1488187810049892366""","Shalamarena ğŸ”º",shalamarena1,"""$AVAX ğŸ”º""",Non-Verified,https://twitter.com/shalamarena1,37,217,"31-Jan-2022 16:30:34"
"""1493576283422216196""",https://twitter.com/nft_ysabelle/status/1493576283422216196,"15-Feb-2022 13:21:49","""@reicannon @ohDotss @KaijuKingz @LFGrind23 @chstxx_NFT @bksp23 @nftger @bbeastycutiee @swish_nft @BromeoNft @Space_Dus @Zanzus12 @Kairu_NFT  @StarPlatinext""",Reply,"""Twitter for Android""",0,0,,Undefined,"""1482945631362510850""",ysabelle,nft_ysabelle,"""ğŸ¦‹âœ¨""",Non-Verified,https://twitter.com/nft_ysabelle,98,821,"17-Jan-2022 05:19:35"
"""1493576283262898177""",https://twitter.com/JhumaSarkar0/status/1493576283262898177,"15-Feb-2022 13:21:49","""RT @web3_inu: $Web3 is pumping hard at #Bitrue! Time to load your moonbag!

https://t.co/zrOgaROk3N

@elonmusk @cz_binance @1goonrich 

#weâ€¦""",ReTweet,"""Twitter for Android""",4499,0,,English,"""1443175766506696710""","Jhuma Sarkar",JhumaSarkar0,"""ğŸ  wife and single mother
I love ğŸ•‰ï¸""",Non-Verified,https://twitter.com/JhumaSarkar0,144,4918,"29-Sep-2021 11:28:30"
"""1493576283195850754""",https://twitter.com/eMDeZet1/status/1493576283195850754,"15-Feb-2022 13:21:49","""@nftracheal #nftart #NFTsales #nft
#NFTinfluencer 

Some tomatoes 
https://t.co/ND60K0Ayvw""",Reply,"""Twitter for Android""",0,0,"here, there and everywhere ",English,"""89261263""",Mariusz,eMDeZet1,"""The Trance Is The MotionğŸ¸ğŸ“¢ğŸ¶ğŸ¸ğŸ“¢ğŸ¶
Family, Crypto ,#NFT, Music ğŸ¶ , gaming ğŸ®""",Non-Verified,https://twitter.com/eMDeZet1,202,1191,"11-Nov-2009 19:28:34"
"""1493576282981949447""",https://twitter.com/cryps_n_blocks/status/1493576282981949447,"15-Feb-2022 13:21:49","""@camelNft Smash through 400 followers today and I'll mint a piece and give it to a follower.

Be sure to follow.

#NFTs #NFTGiveaway #NFTdrop #NFTartist #NFT""",Reply,"""Twitter for Android""",0,0,"England, United Kingdom",English,"""1458793774214262786""","Mish V",cryps_n_blocks,"""1/1 #NFT Artist
Creator of the Astro Kettle Klub a collection of unique 1/1 Space Kettles ğŸ‡ºğŸ‡¦ğŸ‡¬ğŸ‡§
https://t.co/7laJbx1lisâ€¦
https://t.co/BoKaFs3Iql""",Non-Verified,https://twitter.com/cryps_n_blocks,380,671,"11-Nov-2021 13:48:45"
"""1493576282818420741""",https://twitter.com/NftWally01/status/1493576282818420741,"15-Feb-2022 13:21:49","""@EddieNigmaDCL @Cru5hedNFT @0xDripWear @RuffOr8046 @ChangGangHQ @HODLHQ 0xaF7CFa7d158597dCFAAaF14a2508C6F7591cD23E

@qx3ceo 
@Blunt_NY 
@anna_gamer_
@Bell16_NFT""",Reply,"""Twitter for Android""",0,0,EUA,Danish,"""1481297567287816195""",WALLY,NftWally01,"""Tired of the real world long live the metaverse""",Non-Verified,https://twitter.com/NftWally01,162,1179,"12-Jan-2022 16:10:44"
"""1493576282684145665""",https://twitter.com/korhancagla/status/1493576282684145665,"15-Feb-2022 13:21:49","""YaptÄ±ÄŸÄ±m NFT futbolcu modellerini siz yapmÄ±ÅŸ olsanÄ±z tanesi kaÃ§ dolardan satÄ±ÅŸa koyardÄ±nÄ±z?""",Tweet,"""Twitter Web App""",0,0,AtaÅŸehir,Turkish,"""82570893""","Korhan Ã‡AÄLA",korhancagla,"""Welcome to the world of 3DFootball created by art director Korhan Ã‡aÄŸla. We bring you the models of the best football players of all time in the 3D Collection""",Non-Verified,https://twitter.com/korhancagla,4164,767,"15-Oct-2009 08:31:40"
"""1493576282344357893""",https://twitter.com/110604jk__/status/1493576282344357893,"15-Feb-2022 13:21:49","""RT @Lhzzr: ğŸ #NFTGiveawayğŸ

â€¢ Wasted Whales #NFT

Rules:
1ï¸âƒ£  Follow @WastedWhales 
2ï¸âƒ£ â¤ï¸ &amp; RT
3ï¸âƒ£  Tag 2 #NFT Friends

Discord: https://tâ€¦""",ReTweet,"""Twitter for Android""",425,0,"mi casa",English,"""852441783329894400""","hopeâ· big win qtğŸ€âœ¨ğŸğŸ€âœ¨ğŸğŸ€âœ¨ğŸ",110604jk__,"""ğŸ’œARMYğŸ’œ #ayuminati #supREMIcy""",Non-Verified,https://twitter.com/110604jk__,677,1441,"13-Apr-2017 08:42:13"
"""1493576282294013957""",https://twitter.com/Mickey041798/status/1493576282294013957,"15-Feb-2022 13:21:49","""RT @_quickben: âš¡ï¸ #NFTGiveaway

ğŸ†1 Block Headz #NFT + 30 ADA ğŸ”¥

Rules:
âœ…Follow @BlockHeadzCNFT &amp; me
âœ…â¤ï¸+RT+Tag 3
âœ…Join https://t.co/vkk2iLXâ€¦""",ReTweet,"""Twitter for Android""",378,0,,English,"""1450723793249263621""",Mickey,Mickey041798,"""""",Non-Verified,https://twitter.com/Mickey041798,155,2130,"20-Oct-2021 07:21:32"
"""1493576282285559811""",https://twitter.com/wakhiti/status/1493576282285559811,"15-Feb-2022 13:21:49","""RT @IMFI_Global: X Rabbits Club(#XRC) is a collectible #NFT project which is committed to entering the new world of #Web3, contributing toâ€¦""",ReTweet,"""Twitter for Android""",1008,0,"Gresik, Indonesia",English,"""112456718""","Ita Dwicandra",wakhiti,"""""",Non-Verified,https://twitter.com/wakhiti,735,2455,"08-Feb-2010 15:28:11"
"""1493576282130755589""",https://twitter.com/BronSNpgx/status/1493576282130755589,"15-Feb-2022 13:21:49","""RT @Abandons75: Drop your ETH address. Randomly NFT drop ğŸ“Œ    

 âœ… Just Retweet + Follow""",ReTweet,"""Twitter for Android""",176,0,,English,"""1491387672794857475""",Bronson,BronSNpgx,"""I WANT PEGAXY""",Non-Verified,https://twitter.com/BronSNpgx,5,94,"09-Feb-2022 12:25:17"
"""1493576281933422593""",https://twitter.com/ozonyayla/status/1493576281933422593,"15-Feb-2022 13:21:49","""RT @1kekeva: 1 Nft daha hediye etmek istiyorum.ğŸ¥³Bu sefer tasarÄ±mÄ± Ã§ok hoÅŸuma giden farklÄ± bir projeden hediye veriyorum.
@ApeZuki_NFT #364â€¦""",ReTweet,"""Twitter for Android""",2098,0,Ankara/TÃ¼rkiye,Turkish,"""1041949032""","Ã‡aÄŸdaÅŸ Ozan Yayla",ozonyayla,"""ODTÃœ""",Non-Verified,https://twitter.com/ozonyayla,20,245,"28-Dec-2012 11:21:34"
"""1493576281908289536""",https://twitter.com/Le_ma_ri_na/status/1493576281908289536,"15-Feb-2022 13:21:49","""RT @TheJenus: $1500 ~ 5 Days 

$750
âœ…RT &amp; Follow @chosenonesnft 

âš¡ï¸Bonus $750
âœ…Join ~ https://t.co/eQzdJnUNfu

Share Proof 

#chosenones #â€¦""",ReTweet,"""Twitter for Android""",8094,0,world,English,"""1446201896507744262""",leyla,Le_ma_ri_na,"""@chitaglorya__ @NFTeesKing @CiervoGems
@GlazeCrypto @DrogCrypto @0xD0N0
@bricepromos @CompBrosCrypto @DrogCrypto
@CryptoArch1tect @CutieBabeGem15 @dogespromote""",Non-Verified,https://twitter.com/Le_ma_ri_na,37,2588,"07-Oct-2021 19:53:40"
"""1493576281899749376""",https://twitter.com/chanaagracia/status/1493576281899749376,"15-Feb-2022 13:21:49","""RT @j1ngfn: BullishBabyApes Giveaway! ğŸš€ğŸ 

We're giving away 25 WL spots &amp; 1 NFT ğŸ 

To Win:
  
âœ… Follow @BullishBabyApes + @j1ngfn 
âœ…â¤ï¸+â™»ï¸â€¦""",ReTweet,"""Twitter for Android""",1232,0,,English,"""1318328774417526788""",jangmi_nahğŸ¥€,chanaagracia,"""â¤ï¸Jeremiah 29:11â¤ï¸â£ï¸Your  Future CPAâ£ï¸
ğŸ’šStan #NCTğŸ’šâœ¨NCT-3rd Album UNIVERSE âœ¨
#Deukiess #jennirous #kzsfeedback""",Non-Verified,https://twitter.com/chanaagracia,44,1595,"19-Oct-2020 23:11:08"
"""1493576281866539010""",https://twitter.com/missfuloflove/status/1493576281866539010,"15-Feb-2022 13:21:49","""RT @daviscrypt0: ğŸ‰#NFTGiveaway

Bringing #fashion &amp; #music communities together on #Solana.

ğŸ»â€â„ï¸Win 20x #whitelist spots if you
-Retweet &amp;â€¦""",ReTweet,"""Twitter for Android""",419,0,"Bogor Selatan, Indonesia",English,"""1479097634354700293""","ğŸ‡®ğŸ‡©BIGWINğŸ’²2022 ğŸ²",missfuloflove,"""mencoba dan terus mencoba  #christagifts #TestiBunaR""",Non-Verified,https://twitter.com/missfuloflove,82,1395,"06-Jan-2022 14:29:02"
"""1493576281840971777""",https://twitter.com/kurtruss_near/status/1493576281840971777,"15-Feb-2022 13:21:49","""@Drop_Your_NFT_ https://t.co/5Pxfy3wZUp""",Reply,"""Twitter for Android""",0,0,,Undefined,"""1467468891178016772""",kurtruss.near,kurtruss_near,"""17||ğŸ‡µğŸ‡­|| Verified artist on Paras $Near ğŸ”¥
https://t.co/cJchWaTtUU
I accept commissions,""",Non-Verified,https://twitter.com/kurtruss_near,245,598,"05-Dec-2021 12:20:30"
"""1493576281778102274""",https://twitter.com/O_dnn_kmsnn/status/1493576281778102274,"15-Feb-2022 13:21:49","""RT @CryptoRonnin: Iâ€™m partnering up with @SkellyCowboys to giveaway 5 Whitelist SpotsğŸ“ˆ

To EnterğŸ‘‡

âœ…Follow @SkellyCowboys 
âœ…Like &amp; Retweetâ€¦""",ReTweet,"""Twitter for iPhone""",2431,0,She/her,English,"""1312197315025797121""","Lyn â™¡ â˜» MANIFESTING â˜» // BIG WINSğŸ€",O_dnn_kmsnn,"""VOTE ENHA ON TTA | isang makinağŸ’“| 20y | she/her | ğŸ‡µğŸ‡­ | #marurupok | #ayuminati | #ryseives | #Deukiess |#loveyourself""",Non-Verified,https://twitter.com/O_dnn_kmsnn,314,2590,"03-Oct-2020 01:06:56"
"""1493576281769848843""",https://twitter.com/Fegmah/status/1493576281769848843,"15-Feb-2022 13:21:49","""RT @RTRcrypto: 4.5 hours before we release WORLD CHANGING tech that will improve security for all of #Cryptocurrency!

https://t.co/NUYlOCNâ€¦""",ReTweet,"""Twitter for Android""",92,0,,English,"""1408851020105633796""","ğ— ğ—®ğ—µğ—ºğ—¼ğ˜‚ğ—±_ğ—³ğ˜€ (ğ—™ğ—˜ğ—šğ—®ğ—¿ğ—ºğ˜†)",Fegmah,"""ğŸŒ #FEG #ROX #USCT #FEGtoken ğŸ’¯ğŸ’¯ğŸ’¯ğŸ’¯ https://t.co/fjAxg0m6y3 ğŸŒ life is defi ğŸ¦ ğŸ¦âœŒï¸â¤ï¸#IAMFEG""",Non-Verified,https://twitter.com/Fegmah,297,279,"26-Jun-2021 18:14:03"
"""1493576281648254980""",https://twitter.com/NftPride/status/1493576281648254980,"15-Feb-2022 13:21:49","""They will be on sale today on Binance!ğŸ”¥

Exclusive on - 
@TheBinanceNFT
@binance

#NFTCommunity #NFTs #nftcollector #NFT #nftcollectors #NFTGiveaway #NFTartist #NFTGames #Binance""",Reply,"""Twitter Web App""",0,0,,English,"""1433908812155691009""","NFT PRIDE",NftPride,"""TOP 1 BINANCE ARTIST Best and profitable NFT on Binance. The founder is Artur Lekano.""",Non-Verified,https://twitter.com/NftPride,1733,19,"03-Sep-2021 21:44:51"
"""1493576281648087042""",https://twitter.com/ke92569015/status/1493576281648087042,"15-Feb-2022 13:21:49","""RT @OttoSuwenNFT: ğŸš¨ğŸš¨ğŸš¨NFT GIVEAWAYğŸš¨ğŸš¨ğŸš¨

I am giving away 5 WL spots for @TsukiNFT courtesy of their team! 

How to enter:
- Follow both the @â€¦""",ReTweet,"""Twitter Web App""",9230,0,,English,"""1491272344786325509""","Karen Kennedy barbarous",ke92569015,"""The flight methodizes the growth.""",Non-Verified,https://twitter.com/ke92569015,0,6,"09-Feb-2022 04:47:05"
"""1493576281631375360""",https://twitter.com/DarrinSliwa/status/1493576281631375360,"15-Feb-2022 13:21:49","""@Astrals_NFT Bad ass!  Keeping the faith I'll get in!  LFG!""",Reply,"""Twitter Web App""",0,0,,English,"""113110582""",Narrid,DarrinSliwa,"""""",Non-Verified,https://twitter.com/DarrinSliwa,106,754,"10-Feb-2010 18:54:16"
"""1493576281618718720""",https://twitter.com/kicofukuoka/status/1493576281618718720,"15-Feb-2022 13:21:49","""RT @crypto_j_girl: #STEPN ãƒ—ãƒ¬ã‚¼ãƒ³ãƒˆä¼ç”»ğŸã€€
ç·é¡ç´„10ä¸‡å††ï¼

ä»Šè©±é¡Œã®é´NFT (ã‚³ãƒ¢ãƒ³ï¼‰ã‚’ï¼‘åæ§˜ã«ãƒ—ãƒ¬ã‚¼ãƒ³ãƒˆï¼

âœ…å‚åŠ æ¡ä»¶
-  ãƒ•ã‚©ãƒ­ãƒ¼ @crypto_j_girl 
-  ã“ã®ãƒ„ã‚¤ãƒ¼ãƒˆã‚’Like &amp; RT

ç· ã‚åˆ‡ã‚Š
2/20 23:59â€¦""",ReTweet,"""Twitter for Android""",217,0,,Japanese,"""1363359998055575553""",ä¼šé•·ã«ãªã‚ŠãŸã„,kicofukuoka,"""ã‚¨ãƒ©ããªã‚ŠãŸã„ã€‚
ç±³å›½æ ªã€ã‚¯ãƒªãƒ—ãƒˆ""",Non-Verified,https://twitter.com/kicofukuoka,36,235,"21-Feb-2021 05:28:54"
"""1493576281425805313""",https://twitter.com/babyLJoe93/status/1493576281425805313,"15-Feb-2022 13:21:49","""RT @web3_inu: $Web3 is pumping hard at #Bitrue! Time to load your moonbag!

https://t.co/zrOgaROk3N

@elonmusk @cz_binance @1goonrich 

#weâ€¦""",ReTweet,"""Twitter for Android""",4499,0,Indonesia,English,"""1450912736""","WIN WIN",babyLJoe93,"""What is BIG WIN ?
I never feel it. Can I feel it ?

93L,

ğŸ‘‰ $100 #iwonmissy""",Non-Verified,https://twitter.com/babyLJoe93,78,1303,"23-May-2013 08:43:02"
"""1493576281413369858""",https://twitter.com/damncollection/status/1493576281413369858,"15-Feb-2022 13:21:49","""RT @damncollection: YO @Gael_Monfils - we've been damning for YOU!

We love high-performance individuals and especially when they are gaminâ€¦""",ReTweet,"""Twitter Web App""",3,0,Hell,English,"""1467484173216751626""","Damn Collection ğŸ‘¼â€ºâ›“ï¸â€ºğŸ’€",damncollection,"""Customizable NFT collectionğŸ‘˜ 
999 free-to-mint Dans to style by voting on & choosing attributes: https://t.co/zAUwAxaXLa""",Non-Verified,https://twitter.com/damncollection,519,121,"05-Dec-2021 13:21:23"
"""1493576281341841409""",https://twitter.com/VitarichBinarmy/status/1493576281341841409,"15-Feb-2022 13:21:49","""RT @GuildFiFound: @Bybit_Official @NervosNetwork @BinemonNft $BIN is also an excellent choice for your next listing
Besides a complete #NFTâ€¦""",ReTweet,"""Twitter for iPhone""",45,0,,English,"""1466395267801190400""","VitaRich Binemon ğŸ¦„ Shibamons",VitarichBinarmy,"""$BIN $SHIB #BNB #Shibamons #BattleMeme""",Non-Verified,https://twitter.com/VitarichBinarmy,289,227,"02-Dec-2021 13:14:18"
"""1493576281044111363""",https://twitter.com/NatsuQn/status/1493576281044111363,"15-Feb-2022 13:21:49","""RT @R0nBarr0nCrypto: Thank you for my friends at @Imaginary_Ones x @SoulZ_NFT for Giving me 10 WL Spots

I'm dropping: 
- 5 whitelist spotsâ€¦""",ReTweet,"""Twitter for Android""",10406,0,,English,"""1453703123415879682""","NatsuQ || free tag",NatsuQn,"""Peace""",Non-Verified,https://twitter.com/NatsuQn,38,895,"28-Oct-2021 12:40:24"
"""1493576281023447040""",https://twitter.com/Jacinth972/status/1493576281023447040,"15-Feb-2022 13:21:49","""RT @RoborovskiNFT: 4 DAYS TO PRESALE ğŸ‰
Are you ready?

In celebration for our upcoming presale, we will give away 10 WL spots!

To enter:
1â€¦""",ReTweet,"""Twitter Web App""",5445,0,,English,"""1486679991383257095""",Jacinthe,Jacinth972,"""""",Non-Verified,https://twitter.com/Jacinth972,32,25,"27-Jan-2022 12:38:30"
"""1493576281015066629""",https://twitter.com/Jude30449142/status/1493576281015066629,"15-Feb-2022 13:21:49","""RT @MelissaChainz: $VRA will change the #NFT and #streaming industry, with proof of view  â— 

thats a fact   ğŸ”¥  

#VRA #verasity #VeraEsporâ€¦""",ReTweet,"""Twitter for iPhone""",7,0,,English,"""1034787842939965440""",Jude,Jude30449142,"""Everyone, deep in their hearts, is waiting for the end of the world to come.""",Non-Verified,https://twitter.com/Jude30449142,333,857,"29-Aug-2018 13:00:21"
"""1493576280494977029""",https://twitter.com/RaynarodomN/status/1493576280494977029,"15-Feb-2022 13:21:49","""RT @AunChunArt: This is a work from the collectionlittlegangs by Anchan and is now available for sale on Opensea Polygons. @opensea

Pleaseâ€¦""",ReTweet,"""Twitter for iPhone""",25,0,,English,"""1488484475994460167""",Ray.near,RaynarodomN,"""#paras https://t.co/Yy3I1voKqO""",Non-Verified,https://twitter.com/RaynarodomN,123,353,"01-Feb-2022 12:09:41"
"""1493576280414982148""",https://twitter.com/NFTLovery/status/1493576280414982148,"15-Feb-2022 13:21:49","""RT @GoonLabs: #FREENFT - EVERYBODY GETS ONEğŸ§¡ğŸ§¡ğŸ§¡
1. Follow us 2. Drop your Polygon (same as ETH) address bellowâœğŸ½ 3. Retweet this 

#nft #nftâ€¦""",ReTweet,"""Twitter for Android""",15,0,,English,"""1472419614345023493""",bgi0597,NFTLovery,"""NFT lover""",Non-Verified,https://twitter.com/NFTLovery,231,1329,"19-Dec-2021 04:13:01"
"""1493576280398348293""",https://twitter.com/firat_sales/status/1493576280398348293,"15-Feb-2022 13:21:49","""Firat's NFT (token id: 1260) sold for 5.40 #AVAX!
https://t.co/CTZSlKvhfQ
https://t.co/MUdLhanzNQ https://t.co/WEVZH2rDmK""",Tweet,"""LooksRareNFTs Sales""",0,0,,English,"""1475542683129159681""","Firat's NFT Sales",firat_sales,"""Tracking sales of @firatinsayfasi's Firat's NFT Collection.

Created by @LooksRareNFTs""",Non-Verified,https://twitter.com/firat_sales,261,4,"27-Dec-2021 19:03:40"
"""1493576280331063298""",https://twitter.com/SAC_TAKADA_USS/status/1493576280331063298,"15-Feb-2022 13:21:49","""RT @SHIN_SlamDog: æ˜¨æ—¥ã®NFTğŸä¼ç”»
å¤§å¤‰å¤§å¥½è©•ã ã£ãŸã®ã§ä»Šæ—¥ã‚‚ã‚„ã‚Šã¾ã™ï¼
é–“ã«åˆã‚ãªã‹ã£ãŸæ–¹ã¯ã”ã‚ã‚“ãªã•ã„ğŸ™‡â€â™‚ï¸

å¿œå‹Ÿè€…å…¨å“¡ãƒ—ãƒ¬ã‚¼ãƒ³ãƒˆï¼
ã‚¿ã‚¤ãƒ ãƒªãƒŸãƒƒãƒˆã¯1æ™‚é–“ï¼

RTï¼‹â¤ï¸ï¼‹ãƒ•ã‚©ãƒ­ãƒ¼
ãƒ•ã‚©ãƒ­ãƒ¼ã•ã‚Œã¦ã‚‹æ–¹ã‚‚ã”å¿œå‹Ÿok

#NFT #SlamDog htâ€¦""",ReTweet,"""Twitter Web App""",176,0,åŸºæœ¬ã‚¢ãƒ³ãƒã€€å¦å®šã‹ã‚‰å…¥ã‚Šã¾ã™,Japanese,"""839144744382930944""",é«˜ç”°å¥å¿—ï¼ˆã‚ã‚“ã°ã•ã ãï¼‰,SAC_TAKADA_USS,"""PUBG/SA/CSO2/HOUNDS/SF2/CS:GO/BS/codww2/saofb/rust/bless/dbd/R6S/APEX/SCP/Valorant/Unturned/The Forest/Splitgate/ãã®ä»–ã‚„ã£ã¦ã¾ã—ãŸ
NFTãƒ»ãƒ¡ã‚¿ãƒãƒ¼ã‚¹ã«æ‰‹ã‚’å‡ºã—å§‹ã‚ã¾ã—ãŸã‚ˆã‚ã—ãAxie infinity""",Non-Verified,https://twitter.com/SAC_TAKADA_USS,139,314,"07-Mar-2017 16:04:32"
"""1493576280272343043""",https://twitter.com/NiwaAyu/status/1493576280272343043,"15-Feb-2022 13:21:49","""RT @web3_inu: $Web3 is pumping hard at #Bitrue! Time to load your moonbag!

https://t.co/zrOgaROk3N

@elonmusk @cz_binance @1goonrich 

#weâ€¦""",ReTweet,"""Twitter for Android""",4499,0,,English,"""1399858280105537539""","Niwa Ayu",NiwaAyu,"""newbie , hunter// manifesting bigwin 
@TheJenus/ $UPI""",Non-Verified,https://twitter.com/NiwaAyu,219,2614,"01-Jun-2021 22:40:12"
"""1493576280121348096""",https://twitter.com/9rJT9pjz/status/1493576280121348096,"15-Feb-2022 13:21:49","""RT @Metastuffs: Free #NFT Giveaway ğŸ‰

Drop your $ETH address, RT &amp; Follow

 24hrs â° https://t.co/MnGoKa4U3r""",ReTweet,"""Twitter Web App""",368,0,,English,"""1483731985583738882""",é’Ÿæµ·é”‹,9rJT9pjz,"""æ–°çš„æ—¶æœŸ""",Non-Verified,https://twitter.com/9rJT9pjz,12,229,"19-Jan-2022 09:24:09"
"""1493576279987146757""",https://twitter.com/showtime_nft/status/1493576279987146757,"15-Feb-2022 13:21:49","""@coffeejunkienft TOP OF THE MORNING ğŸ˜""",Reply,"""Twitter for iPhone""",0,0,,English,"""1460438095094947848""",showtimenft.eth,showtime_nft,"""Welcome to Showtime NFT! We are your official source for ALL Sports NFTâ€™s . Discord: https://t.co/yOm2c88qC2""",Non-Verified,https://twitter.com/showtime_nft,219,211,"16-Nov-2021 02:42:38"
"""1493576279492202498""",https://twitter.com/Seancryptom3/status/1493576279492202498,"15-Feb-2022 13:21:48","""@Mikidutza_NFT @JrWaalen @toostonedtony @Mimi_crypt0""",Reply,"""Twitter for iPhone""",0,0,"Denver, CO",Undefined,"""898259556224159747""","Sean ğŸ‰âš¡ï¸",Seancryptom3,"""Crypto enthusiast #Elrond #Mex #Ride #NFTS #Gnogen #Maiarpunks #Eth #Btc #Vra #Efi #Link #Dot #Vet #Ada #Cro to name a few. Hero tag = seanpm3""",Non-Verified,https://twitter.com/Seancryptom3,141,957,"17-Aug-2017 19:05:41"
"""1493576279354142722""",https://twitter.com/BLaaCKPuuNK/status/1493576279354142722,"15-Feb-2022 13:21:48","""RT @RareSeal: ğŸ”¥âš¡ FIRST SNEAK PEEK &amp; HUGE GIVEAWAY âš¡ğŸ”¥ 

ğŸ¥‡ 0.5EGLD + 1000 $WATER + NFT
ğŸ¥ˆ 0.3EGLD + NFT
ğŸ¥‰ 100k $MEX + NFT
4th: 50k $MEX + NFTâ€¦""",ReTweet,"""Twitter for Android""",432,0,"Republic of the Philippines",English,"""1438875286171381760""","TAKO-YUCKY ğŸ’šğŸŒ³ ğŸ‡µğŸ‡­ X R P ğŸš€",BLaaCKPuuNK,"""https://t.co/q7N84MpuWe
#BurningMaroo   
#MarooFamily 
#PARC
#XRPwarrior ! |
https://t.co/cj1UKtm2X5
Metamask:
0x6A7eC46f544D3Eeb5ffD834C41C4EC88FE284757""",Non-Verified,https://twitter.com/BLaaCKPuuNK,138,1983,"17-Sep-2021 14:39:56"
"""1493576278988836866""",https://twitter.com/rabbits_cakes/status/1493576278988836866,"15-Feb-2022 13:21:48","""@_norifuku_nft @Nn96baroN ã®ã‚Šç¦ã•ã‚“ã€ãŠã‚ã§ã¨ã†ã”ã–ã„ã¾ã™ğŸ˜Šâœ¨
å¸¸é€£ã•ã‚“ãŒå¢—ãˆã¾ã™ã­ï¼ï¼""",Reply,"""Twitter for iPhone""",0,0,é’ç©ºã‚ªãƒ•ã‚£ã‚¹,Japanese,"""3250417308""","rabbits_cakes @NFTart",rabbits_cakes,"""NFTå‚åŠ â†’2021.12ã€œï¼å¤§äººã‚‚å­ã©ã‚‚æ¥½ã—ã‚ã‚‹çµµæœ¬è¦‹ãŸã„ãªã‚„ã•ã—ã„ä¸–ç•Œã®NFTã‚¤ãƒ©ã‚¹ãƒˆã‚’ï¼ãã—ã¦ã€ã“ã®ä½œå“ã®å¿œæ´ã‚’æ—¥æœ¬ã®é£Ÿã¨å­ã©ã‚‚ãŸã¡ã®ãŸã‚ã«ç¹‹ã’ã¾ã™ã€‚https://t.co/zOdzNRlgP2""",Non-Verified,https://twitter.com/rabbits_cakes,740,626,"20-Jun-2015 07:35:54"
"""1493576278985027586""",https://twitter.com/basin12766622/status/1493576278985027586,"15-Feb-2022 13:21:48","""Lazy

#nft #openseanft #artist #nftartists #digitalar #artwork #nftartist #opensea #art #nfts https://t.co/07TrDqrYGF""",Tweet,"""Twitter for Android""",0,0,,English,"""1486670953186672643""",sinba,basin12766622,"""Just draw it.""",Non-Verified,https://twitter.com/basin12766622,0,0,"27-Jan-2022 12:02:53"
"""1493576278653366272""",https://twitter.com/Nftchampions11/status/1493576278653366272,"15-Feb-2022 13:21:48","""@denyvar @nicodimattia @hicetnunc2000 @cleannftunion Promote it at @Nft_Metaverse__""",Reply,"""Twitter for Android""",0,0,,English,"""1492193500347183113""",Nft_champions,Nftchampions11,"""Nft is Real""",Non-Verified,https://twitter.com/Nftchampions11,0,8,"11-Feb-2022 17:47:20"
